{"cameraMode":{"drawMode":0,"name":"Shaded","section":"Shading Mode"},"sceneLighting":true,"audioPlay":false,"sceneViewState":{"showFog":true,"showMaterialUpdate":false,"showSkybox":true,"showFlares":true,"showImageEffects":true,"showParticleSystems":true},"in2DMode":false,"pivot":{"x":-13.058738708496094,"y":-16.314767837524415,"z":19.3511962890625},"rotation":{"x":-0.2342814952135086,"y":0.37361496686935427,"z":-0.09811419993638993,"w":-0.8921329379081726},"size":55.537654876708987,"orthographic":false}